,PERSONALIZADOS IMPRESSOS EM 3D,,
Item,Descrição do Produto,Qtd,
1,Logitech G29 Extensor Paddle Shifter Mad Volante Mod,,https://www.mercadolivre.com.br/logitech-g29-extensor-paddle-shifter-mad-volante-mod/up/MLBU1466052219
2,Fixador De Haste Para Astro A50 Gen4 - Headband Fix 2 peças Preto,,https://www.mercadolivre.com.br/fixador-de-haste-para-astro-a50-gen4--headband-fix-24pecas/up/MLBU1454495195
3,"Starlink Luva/suporte Para Fixação Antena Com Trava 1,5 Inch",,https://www.mercadolivre.com.br/starlink-luvasuporte-para-fixacao-antena-com-trava-15-inch/up/MLBU1470911932
4,Kit 2x Dobradiças Reposição Fone Audio-technica Ath-m40x,,https://www.mercadolivre.com.br/kit-2x-dobradicas-reposicao-fone-audiotechnica-athm40x/up/MLBU3557930938
5,Suporte Para Base De Carregamento Robô Aspirador Xiaomivacum Branco,,https://www.mercadolivre.com.br/suporte-para-base-de-carregamento-robo-aspirador-xiaomivacum/up/MLBU3153127246
8,Proteção Drone Dji Neo - Protetor Hélice Câmera E Controle Preto,,https://www.mercadolivre.com.br/protecao-drone-dji-neo--protetor-helice-camera-e-controle/up/MLBU3561152259
11,Astro A50 Headband Fix - Adaptador Para Steelseries Headband Preto,,https://www.mercadolivre.com.br/astro-a50-headband-fix--adaptador-para-steelseries-headband/up/MLBU2925983244
13,Boneco Miniatura Personalizado Com Sua Foto Bobblehead 3d,,https://www.mercadolivre.com.br/boneco-miniatura-personalizado-com-sua-foto-bobblehead-3d/up/MLBU3691162517
14,Suporte De Parede Adaptador Ethernet Starlink,,https://www.mercadolivre.com.br/suporte-de-parede-adaptador-ethernet-starlink/up/MLBU3560004867
15,Suporte Lanterna Superior P/ Drone Dji Neo (voo Noturno) Branco,,https://www.mercadolivre.com.br/suporte-lanterna-superior-p-drone-dji-neo-voo-noturno/up/MLBU3609245920
16,Suporte Para Parede Xiaomi Ax3600/ax6000 Roteador Kit,,https://www.mercadolivre.com.br/suporte-para-parede-xiaomi-ax3600ax6000-roteador-kit/up/MLBU1441347259
17,Suporte De Radiador Externo Water Cooler Pc Preto,,https://www.mercadolivre.com.br/suporte-de-radiador-externo-water-cooler-pc/up/MLBU3569527454
18,Peça Reposição Audio-technica Ath-m40x Yoke Haste Par Preto,,https://www.mercadolivre.com.br/peca-reposicao-audiotechnica-athm40x-yoke-haste-par/up/MLBU3553058363
,,,
,,,
,,,
,CATEGORIAS,,
,Headsets,,
,Drones,,
,,,
,,,
,,,
,Starlink   ,,
,Colecionáveis Interativos & Fidgets,,
,Outros,,
,,,
